[
  {
    "name": "Core System Setup",
    "status": "Complete",
    "description": "Foundation architecture and infrastructure"
  },
  {
    "name": "Applications Integration",
    "status": "In Progress",
    "description": "Connecting KOVA Core, Milton, theCenter, Reagan"
  },
  {
    "name": "GitHub & Codespaces",
    "status": "Active",
    "description": "Version control and cloud development environment"
  },
  {
    "name": "Security Policies",
    "status": "Critical",
    "description": "SOPS/age encryption, OAuth 2.0, DNSSEC implementation"
  },
  {
    "name": "Compliance (HIPAA)",
    "status": "Pending",
    "description": "Healthcare compliance for theCenter AI Assistant"
  },
  {
    "name": "Google Workspace Integration",
    "status": "Complete",
    "description": "Drive, Gmail, Calendar, Docs API connections"
  },
  {
    "name": "AI Services Integration",
    "status": "Active",
    "description": "OpenAI, Anthropic Claude, Google Gemini APIs"
  },
  {
    "name": "Automation Workflows",
    "status": "In Progress",
    "description": "Make.com, Zapier, Google Apps Script automations"
  },
  {
    "name": "Mobile PWA Development",
    "status": "Planning",
    "description": "Android-optimized progressive web application"
  },
  {
    "name": "Domain Management",
    "status": "Complete",
    "description": "kovaos.com with DNSSEC security"
  }
]