[
  {
    "key": "API_KEYS_STORED_IN",
    "value": "Google Secret Manager",
    "category": "Storage"
  },
  {
    "key": "OAUTH_METHOD",
    "value": "SOPS + age",
    "category": "Authentication"
  },
  {
    "key": "2FA_PROVIDER",
    "value": "Twilio",
    "category": "Security"
  },
  {
    "key": "ENCRYPTION_TYPE",
    "value": "AES-256-GCM",
    "category": "Cryptography"
  },
  {
    "key": "CERT_MANAGEMENT",
    "value": "Let's Encrypt",
    "category": "TLS/SSL"
  },
  {
    "key": "SECRET_ROTATION",
    "value": "90 days",
    "category": "Policy"
  },
  {
    "key": "ACCESS_CONTROL",
    "value": "Role-based (RBAC)",
    "category": "Authorization"
  },
  {
    "key": "AUDIT_LOGGING",
    "value": "CloudWatch + Prometheus",
    "category": "Monitoring"
  },
  {
    "key": "BACKUP_ENCRYPTION",
    "value": "GPG with hardware keys",
    "category": "Backup"
  },
  {
    "key": "DNSSEC_STATUS",
    "value": "Enabled",
    "category": "Network"
  }
]